username,url,influencerCategory,influencerMention,accountType
taskirancemal,"https://docs.google.com/forms/d/e/1FAIpQLSfyzdCEu8dJGiUoR9DVcqOZYBgcMMnE6z2XGrmA17lhYi801Q/viewform?usp=pp_url&entry.1102225441=https://instagram.com/taskirancemal&entry.1477564887=32839
",Mom and Children,No,Influencer
kristal_firin,"https://docs.google.com/forms/d/e/1FAIpQLSfyzdCEu8dJGiUoR9DVcqOZYBgcMMnE6z2XGrmA17lhYi801Q/viewform?usp=pp_url&entry.1102225441=https://instagram.com/kristal_firin&entry.1477564887=32839
",Food,No,Company
mekaskablo,"https://docs.google.com/forms/d/e/1FAIpQLSfyzdCEu8dJGiUoR9DVcqOZYBgcMMnE6z2XGrmA17lhYi801Q/viewform?usp=pp_url&entry.1102225441=https://instagram.com/mekaskablo&entry.1477564887=32839
",Tech,No,Company
burakdakak__,"https://docs.google.com/forms/d/e/1FAIpQLSfyzdCEu8dJGiUoR9DVcqOZYBgcMMnE6z2XGrmA17lhYi801Q/viewform?usp=pp_url&entry.1102225441=https://instagram.com/burakdakak__&entry.1477564887=32839
",Fashion,No,Influencer
mazellomobilya,"https://docs.google.com/forms/d/e/1FAIpQLSfyzdCEu8dJGiUoR9DVcqOZYBgcMMnE6z2XGrmA17lhYi801Q/viewform?usp=pp_url&entry.1102225441=https://instagram.com/mazellomobilya&entry.1477564887=32839
",Health and Lifestyle,No,Company
lifejentr,"https://docs.google.com/forms/d/e/1FAIpQLSfyzdCEu8dJGiUoR9DVcqOZYBgcMMnE6z2XGrmA17lhYi801Q/viewform?usp=pp_url&entry.1102225441=https://instagram.com/lifejentr&entry.1477564887=32839
",Health and Lifestyle,No,Company
caglaralmendi,"https://docs.google.com/forms/d/e/1FAIpQLSfyzdCEu8dJGiUoR9DVcqOZYBgcMMnE6z2XGrmA17lhYi801Q/viewform?usp=pp_url&entry.1102225441=https://instagram.com/caglaralmendi&entry.1477564887=32839
",Fashion,No,Influencer
roboengineering,"https://docs.google.com/forms/d/e/1FAIpQLSfyzdCEu8dJGiUoR9DVcqOZYBgcMMnE6z2XGrmA17lhYi801Q/viewform?usp=pp_url&entry.1102225441=https://instagram.com/roboengineering&entry.1477564887=32839
",Tech,No,Company
rojdademirer__,"https://docs.google.com/forms/d/e/1FAIpQLSfyzdCEu8dJGiUoR9DVcqOZYBgcMMnE6z2XGrmA17lhYi801Q/viewform?usp=pp_url&entry.1102225441=https://instagram.com/rojdademirer__&entry.1477564887=32839
",Fashion,No,Influencer
huaweimobiletr,"https://docs.google.com/forms/d/e/1FAIpQLSfyzdCEu8dJGiUoR9DVcqOZYBgcMMnE6z2XGrmA17lhYi801Q/viewform?usp=pp_url&entry.1102225441=https://instagram.com/huaweimobiletr&entry.1477564887=32839
",Tech,No,Company
tuananaztiryaki,"https://docs.google.com/forms/d/e/1FAIpQLSfyzdCEu8dJGiUoR9DVcqOZYBgcMMnE6z2XGrmA17lhYi801Q/viewform?usp=pp_url&entry.1102225441=https://instagram.com/tuananaztiryaki&entry.1477564887=32839
",Fashion,No,Influencer
nptipmerkezi,"https://docs.google.com/forms/d/e/1FAIpQLSfyzdCEu8dJGiUoR9DVcqOZYBgcMMnE6z2XGrmA17lhYi801Q/viewform?usp=pp_url&entry.1102225441=https://instagram.com/nptipmerkezi&entry.1477564887=32839
",Health and Lifestyle,No,Company
gregmchaleswildyukon,"https://docs.google.com/forms/d/e/1FAIpQLSfyzdCEu8dJGiUoR9DVcqOZYBgcMMnE6z2XGrmA17lhYi801Q/viewform?usp=pp_url&entry.1102225441=https://instagram.com/gregmchaleswildyukon&entry.1477564887=32839
",Entertainment,No,Company
silivricizgikids,"https://docs.google.com/forms/d/e/1FAIpQLSfyzdCEu8dJGiUoR9DVcqOZYBgcMMnE6z2XGrmA17lhYi801Q/viewform?usp=pp_url&entry.1102225441=https://instagram.com/silivricizgikids&entry.1477564887=32839
",Mom and Children,No,Company
becerencafe,"https://docs.google.com/forms/d/e/1FAIpQLSfyzdCEu8dJGiUoR9DVcqOZYBgcMMnE6z2XGrmA17lhYi801Q/viewform?usp=pp_url&entry.1102225441=https://instagram.com/becerencafe&entry.1477564887=32839
",Food,No,Company
iliskitesti,"https://docs.google.com/forms/d/e/1FAIpQLSfyzdCEu8dJGiUoR9DVcqOZYBgcMMnE6z2XGrmA17lhYi801Q/viewform?usp=pp_url&entry.1102225441=https://instagram.com/iliskitesti&entry.1477564887=32839
",Entertainment,No,Company
diyetisyenseymakavuncuoglu,"https://docs.google.com/forms/d/e/1FAIpQLSfyzdCEu8dJGiUoR9DVcqOZYBgcMMnE6z2XGrmA17lhYi801Q/viewform?usp=pp_url&entry.1102225441=https://instagram.com/diyetisyenseymakavuncuoglu&entry.1477564887=32839
",Health and Lifestyle,Yes,Influencer
konuralpbeyosgb,"https://docs.google.com/forms/d/e/1FAIpQLSfyzdCEu8dJGiUoR9DVcqOZYBgcMMnE6z2XGrmA17lhYi801Q/viewform?usp=pp_url&entry.1102225441=https://instagram.com/konuralpbeyosgb&entry.1477564887=32839
",Art,No,Company
korkutelibeltr,"https://docs.google.com/forms/d/e/1FAIpQLSfyzdCEu8dJGiUoR9DVcqOZYBgcMMnE6z2XGrmA17lhYi801Q/viewform?usp=pp_url&entry.1102225441=https://instagram.com/korkutelibeltr&entry.1477564887=32839
",Art,No,Company
hadioynalive,"https://docs.google.com/forms/d/e/1FAIpQLSfyzdCEu8dJGiUoR9DVcqOZYBgcMMnE6z2XGrmA17lhYi801Q/viewform?usp=pp_url&entry.1102225441=https://instagram.com/hadioynalive&entry.1477564887=32839
",Gaming,No,Company
senoritachocolate,"https://docs.google.com/forms/d/e/1FAIpQLSfyzdCEu8dJGiUoR9DVcqOZYBgcMMnE6z2XGrmA17lhYi801Q/viewform?usp=pp_url&entry.1102225441=https://instagram.com/senoritachocolate&entry.1477564887=32839
",Food,Yes,Company
romanmagazalari,"https://docs.google.com/forms/d/e/1FAIpQLSfyzdCEu8dJGiUoR9DVcqOZYBgcMMnE6z2XGrmA17lhYi801Q/viewform?usp=pp_url&entry.1102225441=https://instagram.com/romanmagazalari&entry.1477564887=32839
",Fashion,No,Company
drderyacan,"https://docs.google.com/forms/d/e/1FAIpQLSfyzdCEu8dJGiUoR9DVcqOZYBgcMMnE6z2XGrmA17lhYi801Q/viewform?usp=pp_url&entry.1102225441=https://instagram.com/drderyacan&entry.1477564887=32839
",Health and Lifestyle,Yes,Influencer
endlessaksuluayakkabi,"https://docs.google.com/forms/d/e/1FAIpQLSfyzdCEu8dJGiUoR9DVcqOZYBgcMMnE6z2XGrmA17lhYi801Q/viewform?usp=pp_url&entry.1102225441=https://instagram.com/endlessaksuluayakkabi&entry.1477564887=32839
",Fashion,Yes,Company
botalounge,"https://docs.google.com/forms/d/e/1FAIpQLSfyzdCEu8dJGiUoR9DVcqOZYBgcMMnE6z2XGrmA17lhYi801Q/viewform?usp=pp_url&entry.1102225441=https://instagram.com/botalounge&entry.1477564887=32839
",,,
staedtler,"https://docs.google.com/forms/d/e/1FAIpQLSfyzdCEu8dJGiUoR9DVcqOZYBgcMMnE6z2XGrmA17lhYi801Q/viewform?usp=pp_url&entry.1102225441=https://instagram.com/staedtler&entry.1477564887=32839
",Art,Yes,Company
muthispsikoloji,"https://docs.google.com/forms/d/e/1FAIpQLSfyzdCEu8dJGiUoR9DVcqOZYBgcMMnE6z2XGrmA17lhYi801Q/viewform?usp=pp_url&entry.1102225441=https://instagram.com/muthispsikoloji&entry.1477564887=32839
",Health and Lifestyle,No,Company
utheneras,"https://docs.google.com/forms/d/e/1FAIpQLSfyzdCEu8dJGiUoR9DVcqOZYBgcMMnE6z2XGrmA17lhYi801Q/viewform?usp=pp_url&entry.1102225441=https://instagram.com/utheneras&entry.1477564887=32839
",Health and Lifestyle,Yes,Influencer
elmacafeeskisehir,"https://docs.google.com/forms/d/e/1FAIpQLSfyzdCEu8dJGiUoR9DVcqOZYBgcMMnE6z2XGrmA17lhYi801Q/viewform?usp=pp_url&entry.1102225441=https://instagram.com/elmacafeeskisehir&entry.1477564887=32839
",Food,No,Company
theasailing,"https://docs.google.com/forms/d/e/1FAIpQLSfyzdCEu8dJGiUoR9DVcqOZYBgcMMnE6z2XGrmA17lhYi801Q/viewform?usp=pp_url&entry.1102225441=https://instagram.com/theasailing&entry.1477564887=32839
",Travel,No,Company
tc_giresunvaliligi,"https://docs.google.com/forms/d/e/1FAIpQLSfyzdCEu8dJGiUoR9DVcqOZYBgcMMnE6z2XGrmA17lhYi801Q/viewform?usp=pp_url&entry.1102225441=https://instagram.com/tc_giresunvaliligi&entry.1477564887=32839
",Health and Lifestyle,Yes,Company
codemarcoo,"https://docs.google.com/forms/d/e/1FAIpQLSfyzdCEu8dJGiUoR9DVcqOZYBgcMMnE6z2XGrmA17lhYi801Q/viewform?usp=pp_url&entry.1102225441=https://instagram.com/codemarcoo&entry.1477564887=32839
",Gaming,No,Influencer
b_nurcan,"https://docs.google.com/forms/d/e/1FAIpQLSfyzdCEu8dJGiUoR9DVcqOZYBgcMMnE6z2XGrmA17lhYi801Q/viewform?usp=pp_url&entry.1102225441=https://instagram.com/b_nurcan&entry.1477564887=32839
",Mom and Children,No,Influencer
bodrumlupastalar,"https://docs.google.com/forms/d/e/1FAIpQLSfyzdCEu8dJGiUoR9DVcqOZYBgcMMnE6z2XGrmA17lhYi801Q/viewform?usp=pp_url&entry.1102225441=https://instagram.com/bodrumlupastalar&entry.1477564887=32839
",Food,No,Company
alatiaspaalacati,"https://docs.google.com/forms/d/e/1FAIpQLSfyzdCEu8dJGiUoR9DVcqOZYBgcMMnE6z2XGrmA17lhYi801Q/viewform?usp=pp_url&entry.1102225441=https://instagram.com/alatiaspaalacati&entry.1477564887=32839
",Health and Lifestyle,Yes,Company
jollyjoker,"https://docs.google.com/forms/d/e/1FAIpQLSfyzdCEu8dJGiUoR9DVcqOZYBgcMMnE6z2XGrmA17lhYi801Q/viewform?usp=pp_url&entry.1102225441=https://instagram.com/jollyjoker&entry.1477564887=32839
",Entertainment,Yes,Company
kisabiralinti,"https://docs.google.com/forms/d/e/1FAIpQLSfyzdCEu8dJGiUoR9DVcqOZYBgcMMnE6z2XGrmA17lhYi801Q/viewform?usp=pp_url&entry.1102225441=https://instagram.com/kisabiralinti&entry.1477564887=32839
",Entertainment,Yes,Influencer
designsocks,"https://docs.google.com/forms/d/e/1FAIpQLSfyzdCEu8dJGiUoR9DVcqOZYBgcMMnE6z2XGrmA17lhYi801Q/viewform?usp=pp_url&entry.1102225441=https://instagram.com/designsocks&entry.1477564887=32839
",Fashion,Yes,Company
istanbuldasdas,"https://docs.google.com/forms/d/e/1FAIpQLSfyzdCEu8dJGiUoR9DVcqOZYBgcMMnE6z2XGrmA17lhYi801Q/viewform?usp=pp_url&entry.1102225441=https://instagram.com/istanbuldasdas&entry.1477564887=32839
",Entertainment,No,Company
sfrpztf,"https://docs.google.com/forms/d/e/1FAIpQLSfyzdCEu8dJGiUoR9DVcqOZYBgcMMnE6z2XGrmA17lhYi801Q/viewform?usp=pp_url&entry.1102225441=https://instagram.com/sfrpztf&entry.1477564887=32839
",Art,Yes,Company
erdil,"https://docs.google.com/forms/d/e/1FAIpQLSfyzdCEu8dJGiUoR9DVcqOZYBgcMMnE6z2XGrmA17lhYi801Q/viewform?usp=pp_url&entry.1102225441=https://instagram.com/erdil&entry.1477564887=32839
",Art,Yes,Influencer
divanistanbul,"https://docs.google.com/forms/d/e/1FAIpQLSfyzdCEu8dJGiUoR9DVcqOZYBgcMMnE6z2XGrmA17lhYi801Q/viewform?usp=pp_url&entry.1102225441=https://instagram.com/divanistanbul&entry.1477564887=32839
",Travel,Yes,Company
adnanbey.restaurant,"https://docs.google.com/forms/d/e/1FAIpQLSfyzdCEu8dJGiUoR9DVcqOZYBgcMMnE6z2XGrmA17lhYi801Q/viewform?usp=pp_url&entry.1102225441=https://instagram.com/adnanbey.restaurant&entry.1477564887=32839
",Food,No,Company
merveozbeyofficial,"https://docs.google.com/forms/d/e/1FAIpQLSfyzdCEu8dJGiUoR9DVcqOZYBgcMMnE6z2XGrmA17lhYi801Q/viewform?usp=pp_url&entry.1102225441=https://instagram.com/merveozbeyofficial&entry.1477564887=32839
",Art,Yes,Influencer
nerfturkiye,"https://docs.google.com/forms/d/e/1FAIpQLSfyzdCEu8dJGiUoR9DVcqOZYBgcMMnE6z2XGrmA17lhYi801Q/viewform?usp=pp_url&entry.1102225441=https://instagram.com/nerfturkiye&entry.1477564887=32839
",Sports,No,Company
gulluogluomergullu,"https://docs.google.com/forms/d/e/1FAIpQLSfyzdCEu8dJGiUoR9DVcqOZYBgcMMnE6z2XGrmA17lhYi801Q/viewform?usp=pp_url&entry.1102225441=https://instagram.com/gulluogluomergullu&entry.1477564887=32839
",,,
kokukrem,"https://docs.google.com/forms/d/e/1FAIpQLSfyzdCEu8dJGiUoR9DVcqOZYBgcMMnE6z2XGrmA17lhYi801Q/viewform?usp=pp_url&entry.1102225441=https://instagram.com/kokukrem&entry.1477564887=32839
",Food,Yes,Company
egeasalmetal_,"https://docs.google.com/forms/d/e/1FAIpQLSfyzdCEu8dJGiUoR9DVcqOZYBgcMMnE6z2XGrmA17lhYi801Q/viewform?usp=pp_url&entry.1102225441=https://instagram.com/egeasalmetal_&entry.1477564887=32839
",Tech,No,Company
drsepit,"https://docs.google.com/forms/d/e/1FAIpQLSfyzdCEu8dJGiUoR9DVcqOZYBgcMMnE6z2XGrmA17lhYi801Q/viewform?usp=pp_url&entry.1102225441=https://instagram.com/drsepit&entry.1477564887=32839
",Health and Lifestyle,Yes,Influencer
besiktasbelediyesi,"https://docs.google.com/forms/d/e/1FAIpQLSfyzdCEu8dJGiUoR9DVcqOZYBgcMMnE6z2XGrmA17lhYi801Q/viewform?usp=pp_url&entry.1102225441=https://instagram.com/besiktasbelediyesi&entry.1477564887=32839
",Health and Lifestyle,Yes,Company
moshonis,"https://docs.google.com/forms/d/e/1FAIpQLSfyzdCEu8dJGiUoR9DVcqOZYBgcMMnE6z2XGrmA17lhYi801Q/viewform?usp=pp_url&entry.1102225441=https://instagram.com/moshonis&entry.1477564887=32839
",Food,Yes,Company
evrimshinka,"https://docs.google.com/forms/d/e/1FAIpQLSfyzdCEu8dJGiUoR9DVcqOZYBgcMMnE6z2XGrmA17lhYi801Q/viewform?usp=pp_url&entry.1102225441=https://instagram.com/evrimshinka&entry.1477564887=32839
",Entertainment,No,Influencer
esidaotel,"https://docs.google.com/forms/d/e/1FAIpQLSfyzdCEu8dJGiUoR9DVcqOZYBgcMMnE6z2XGrmA17lhYi801Q/viewform?usp=pp_url&entry.1102225441=https://instagram.com/esidaotel&entry.1477564887=32839
",Travel,No,Company
prof.dr.yucelkaraman,"https://docs.google.com/forms/d/e/1FAIpQLSfyzdCEu8dJGiUoR9DVcqOZYBgcMMnE6z2XGrmA17lhYi801Q/viewform?usp=pp_url&entry.1102225441=https://instagram.com/prof.dr.yucelkaraman&entry.1477564887=32839
",Health and Lifestyle,Yes,Influencer
grandyaziciclubturban,"https://docs.google.com/forms/d/e/1FAIpQLSfyzdCEu8dJGiUoR9DVcqOZYBgcMMnE6z2XGrmA17lhYi801Q/viewform?usp=pp_url&entry.1102225441=https://instagram.com/grandyaziciclubturban&entry.1477564887=32839
",Travel,Yes,Company
moderndanstoplulugu,"https://docs.google.com/forms/d/e/1FAIpQLSfyzdCEu8dJGiUoR9DVcqOZYBgcMMnE6z2XGrmA17lhYi801Q/viewform?usp=pp_url&entry.1102225441=https://instagram.com/moderndanstoplulugu&entry.1477564887=32839
",Entertainment,No,Company
insanpsikolojisi,"https://docs.google.com/forms/d/e/1FAIpQLSfyzdCEu8dJGiUoR9DVcqOZYBgcMMnE6z2XGrmA17lhYi801Q/viewform?usp=pp_url&entry.1102225441=https://instagram.com/insanpsikolojisi&entry.1477564887=32839
",Entertainment,Yes,Influencer
kalecikbeltr,"https://docs.google.com/forms/d/e/1FAIpQLSfyzdCEu8dJGiUoR9DVcqOZYBgcMMnE6z2XGrmA17lhYi801Q/viewform?usp=pp_url&entry.1102225441=https://instagram.com/kalecikbeltr&entry.1477564887=32839
",Health and Lifestyle,No,Company
twitchdenkesitler,"https://docs.google.com/forms/d/e/1FAIpQLSfyzdCEu8dJGiUoR9DVcqOZYBgcMMnE6z2XGrmA17lhYi801Q/viewform?usp=pp_url&entry.1102225441=https://instagram.com/twitchdenkesitler&entry.1477564887=32839
",Entertainment,Yes,Influencer
sumeyyeaydogan_,"https://docs.google.com/forms/d/e/1FAIpQLSfyzdCEu8dJGiUoR9DVcqOZYBgcMMnE6z2XGrmA17lhYi801Q/viewform?usp=pp_url&entry.1102225441=https://instagram.com/sumeyyeaydogan_&entry.1477564887=32839
",Fashion,No,Influencer
ganioglu_beko,"https://docs.google.com/forms/d/e/1FAIpQLSfyzdCEu8dJGiUoR9DVcqOZYBgcMMnE6z2XGrmA17lhYi801Q/viewform?usp=pp_url&entry.1102225441=https://instagram.com/ganioglu_beko&entry.1477564887=32839
",Tech,No,Company
samsunsporfa,"https://docs.google.com/forms/d/e/1FAIpQLSfyzdCEu8dJGiUoR9DVcqOZYBgcMMnE6z2XGrmA17lhYi801Q/viewform?usp=pp_url&entry.1102225441=https://instagram.com/samsunsporfa&entry.1477564887=32839
",Sports,No,Company
germiyanbilgekoleji,"https://docs.google.com/forms/d/e/1FAIpQLSfyzdCEu8dJGiUoR9DVcqOZYBgcMMnE6z2XGrmA17lhYi801Q/viewform?usp=pp_url&entry.1102225441=https://instagram.com/germiyanbilgekoleji&entry.1477564887=32839
",Health and Lifestyle,No,Company
kurulusosman,"https://docs.google.com/forms/d/e/1FAIpQLSfyzdCEu8dJGiUoR9DVcqOZYBgcMMnE6z2XGrmA17lhYi801Q/viewform?usp=pp_url&entry.1102225441=https://instagram.com/kurulusosman&entry.1477564887=32839
",Entertainment,No,Company
celalturgut.exe,"https://docs.google.com/forms/d/e/1FAIpQLSfyzdCEu8dJGiUoR9DVcqOZYBgcMMnE6z2XGrmA17lhYi801Q/viewform?usp=pp_url&entry.1102225441=https://instagram.com/celalturgut.exe&entry.1477564887=32839
",,,
armagancaglayancom,"https://docs.google.com/forms/d/e/1FAIpQLSfyzdCEu8dJGiUoR9DVcqOZYBgcMMnE6z2XGrmA17lhYi801Q/viewform?usp=pp_url&entry.1102225441=https://instagram.com/armagancaglayancom&entry.1477564887=32839
",Entertainment,Yes,Influencer
sortiesortie,"https://docs.google.com/forms/d/e/1FAIpQLSfyzdCEu8dJGiUoR9DVcqOZYBgcMMnE6z2XGrmA17lhYi801Q/viewform?usp=pp_url&entry.1102225441=https://instagram.com/sortiesortie&entry.1477564887=32839
",Food,No,Company
wtcn,"https://docs.google.com/forms/d/e/1FAIpQLSfyzdCEu8dJGiUoR9DVcqOZYBgcMMnE6z2XGrmA17lhYi801Q/viewform?usp=pp_url&entry.1102225441=https://instagram.com/wtcn&entry.1477564887=32839
",Entertainment,Yes,Influencer
bialetti_turkiye,"https://docs.google.com/forms/d/e/1FAIpQLSfyzdCEu8dJGiUoR9DVcqOZYBgcMMnE6z2XGrmA17lhYi801Q/viewform?usp=pp_url&entry.1102225441=https://instagram.com/bialetti_turkiye&entry.1477564887=32839
",Food,No,Company
kafamizzagore,"https://docs.google.com/forms/d/e/1FAIpQLSfyzdCEu8dJGiUoR9DVcqOZYBgcMMnE6z2XGrmA17lhYi801Q/viewform?usp=pp_url&entry.1102225441=https://instagram.com/kafamizzagore&entry.1477564887=32839
",Health and Lifestyle,No,Company
tacstyle,"https://docs.google.com/forms/d/e/1FAIpQLSfyzdCEu8dJGiUoR9DVcqOZYBgcMMnE6z2XGrmA17lhYi801Q/viewform?usp=pp_url&entry.1102225441=https://instagram.com/tacstyle&entry.1477564887=32839
",Health and Lifestyle,No,Company
bistro33erenkoy,"https://docs.google.com/forms/d/e/1FAIpQLSfyzdCEu8dJGiUoR9DVcqOZYBgcMMnE6z2XGrmA17lhYi801Q/viewform?usp=pp_url&entry.1102225441=https://instagram.com/bistro33erenkoy&entry.1477564887=32839
",Food,No,Company
bisalt,"https://docs.google.com/forms/d/e/1FAIpQLSfyzdCEu8dJGiUoR9DVcqOZYBgcMMnE6z2XGrmA17lhYi801Q/viewform?usp=pp_url&entry.1102225441=https://instagram.com/bisalt&entry.1477564887=32839
",Food,No,Company
htcebrar,"https://docs.google.com/forms/d/e/1FAIpQLSfyzdCEu8dJGiUoR9DVcqOZYBgcMMnE6z2XGrmA17lhYi801Q/viewform?usp=pp_url&entry.1102225441=https://instagram.com/htcebrar&entry.1477564887=32839
",Mom and Children,Yes,Influencer
flaneurinisiyatif,"https://docs.google.com/forms/d/e/1FAIpQLSfyzdCEu8dJGiUoR9DVcqOZYBgcMMnE6z2XGrmA17lhYi801Q/viewform?usp=pp_url&entry.1102225441=https://instagram.com/flaneurinisiyatif&entry.1477564887=32839
",Art,Yes,Influencer
clubdizalya,"https://docs.google.com/forms/d/e/1FAIpQLSfyzdCEu8dJGiUoR9DVcqOZYBgcMMnE6z2XGrmA17lhYi801Q/viewform?usp=pp_url&entry.1102225441=https://instagram.com/clubdizalya&entry.1477564887=32839
",Travel,No,Company
lufianturkiye,"https://docs.google.com/forms/d/e/1FAIpQLSfyzdCEu8dJGiUoR9DVcqOZYBgcMMnE6z2XGrmA17lhYi801Q/viewform?usp=pp_url&entry.1102225441=https://instagram.com/lufianturkiye&entry.1477564887=32839
",Fashion,No,Company
doguswag808,"https://docs.google.com/forms/d/e/1FAIpQLSfyzdCEu8dJGiUoR9DVcqOZYBgcMMnE6z2XGrmA17lhYi801Q/viewform?usp=pp_url&entry.1102225441=https://instagram.com/doguswag808&entry.1477564887=32839
",Entertainment,Yes,Influencer
fenerworld,"https://docs.google.com/forms/d/e/1FAIpQLSfyzdCEu8dJGiUoR9DVcqOZYBgcMMnE6z2XGrmA17lhYi801Q/viewform?usp=pp_url&entry.1102225441=https://instagram.com/fenerworld&entry.1477564887=32839
",Sports,No,Company
cekmekoybelediyesi,"https://docs.google.com/forms/d/e/1FAIpQLSfyzdCEu8dJGiUoR9DVcqOZYBgcMMnE6z2XGrmA17lhYi801Q/viewform?usp=pp_url&entry.1102225441=https://instagram.com/cekmekoybelediyesi&entry.1477564887=32839
",Health and Lifestyle,No,Company
monologlarmuzesi,"https://docs.google.com/forms/d/e/1FAIpQLSfyzdCEu8dJGiUoR9DVcqOZYBgcMMnE6z2XGrmA17lhYi801Q/viewform?usp=pp_url&entry.1102225441=https://instagram.com/monologlarmuzesi&entry.1477564887=32839
",Art,No,Company
sercevdernegi,"https://docs.google.com/forms/d/e/1FAIpQLSfyzdCEu8dJGiUoR9DVcqOZYBgcMMnE6z2XGrmA17lhYi801Q/viewform?usp=pp_url&entry.1102225441=https://instagram.com/sercevdernegi&entry.1477564887=32839
",Mom and Children,No,Company
nabukarakoy,"https://docs.google.com/forms/d/e/1FAIpQLSfyzdCEu8dJGiUoR9DVcqOZYBgcMMnE6z2XGrmA17lhYi801Q/viewform?usp=pp_url&entry.1102225441=https://instagram.com/nabukarakoy&entry.1477564887=32839
",Travel,No,Company
turkiyekaykayfederasyonu,"https://docs.google.com/forms/d/e/1FAIpQLSfyzdCEu8dJGiUoR9DVcqOZYBgcMMnE6z2XGrmA17lhYi801Q/viewform?usp=pp_url&entry.1102225441=https://instagram.com/turkiyekaykayfederasyonu&entry.1477564887=32839
",,,
mertduranmd,"https://docs.google.com/forms/d/e/1FAIpQLSfyzdCEu8dJGiUoR9DVcqOZYBgcMMnE6z2XGrmA17lhYi801Q/viewform?usp=pp_url&entry.1102225441=https://instagram.com/mertduranmd&entry.1477564887=32839
",Health and Lifestyle,No,Influencer
bebeto,"https://docs.google.com/forms/d/e/1FAIpQLSfyzdCEu8dJGiUoR9DVcqOZYBgcMMnE6z2XGrmA17lhYi801Q/viewform?usp=pp_url&entry.1102225441=https://instagram.com/bebeto&entry.1477564887=32839
",Mom and Children,No,Company
chefsidarbudak,"https://docs.google.com/forms/d/e/1FAIpQLSfyzdCEu8dJGiUoR9DVcqOZYBgcMMnE6z2XGrmA17lhYi801Q/viewform?usp=pp_url&entry.1102225441=https://instagram.com/chefsidarbudak&entry.1477564887=32839
",Food,No,Influencer
netspeedturkiye,"https://docs.google.com/forms/d/e/1FAIpQLSfyzdCEu8dJGiUoR9DVcqOZYBgcMMnE6z2XGrmA17lhYi801Q/viewform?usp=pp_url&entry.1102225441=https://instagram.com/netspeedturkiye&entry.1477564887=32839
",Tech,No,Company
jabbaronline,"https://docs.google.com/forms/d/e/1FAIpQLSfyzdCEu8dJGiUoR9DVcqOZYBgcMMnE6z2XGrmA17lhYi801Q/viewform?usp=pp_url&entry.1102225441=https://instagram.com/jabbaronline&entry.1477564887=32839
",Entertainment,Yes,Influencer
balyabelediyesi,"https://docs.google.com/forms/d/e/1FAIpQLSfyzdCEu8dJGiUoR9DVcqOZYBgcMMnE6z2XGrmA17lhYi801Q/viewform?usp=pp_url&entry.1102225441=https://instagram.com/balyabelediyesi&entry.1477564887=32839
",Health and Lifestyle,No,Company
ahi_genclikspor,"https://docs.google.com/forms/d/e/1FAIpQLSfyzdCEu8dJGiUoR9DVcqOZYBgcMMnE6z2XGrmA17lhYi801Q/viewform?usp=pp_url&entry.1102225441=https://instagram.com/ahi_genclikspor&entry.1477564887=32839
",Sports,No,Company
marcellopaintofficial,"https://docs.google.com/forms/d/e/1FAIpQLSfyzdCEu8dJGiUoR9DVcqOZYBgcMMnE6z2XGrmA17lhYi801Q/viewform?usp=pp_url&entry.1102225441=https://instagram.com/marcellopaintofficial&entry.1477564887=32839
",Art,No,Company
flamingo_fashionn,"https://docs.google.com/forms/d/e/1FAIpQLSfyzdCEu8dJGiUoR9DVcqOZYBgcMMnE6z2XGrmA17lhYi801Q/viewform?usp=pp_url&entry.1102225441=https://instagram.com/flamingo_fashionn&entry.1477564887=32839
",Fashion,No,Company
arda.tulum_,"https://docs.google.com/forms/d/e/1FAIpQLSfyzdCEu8dJGiUoR9DVcqOZYBgcMMnE6z2XGrmA17lhYi801Q/viewform?usp=pp_url&entry.1102225441=https://instagram.com/arda.tulum_&entry.1477564887=32839
",Art,Yes,Influencer
superfm,"https://docs.google.com/forms/d/e/1FAIpQLSfyzdCEu8dJGiUoR9DVcqOZYBgcMMnE6z2XGrmA17lhYi801Q/viewform?usp=pp_url&entry.1102225441=https://instagram.com/superfm&entry.1477564887=32839
",Entertainment,No,Company
nevzatdindar,"https://docs.google.com/forms/d/e/1FAIpQLSfyzdCEu8dJGiUoR9DVcqOZYBgcMMnE6z2XGrmA17lhYi801Q/viewform?usp=pp_url&entry.1102225441=https://instagram.com/nevzatdindar&entry.1477564887=32839
",Entertainment,No,Influencer
tezatsanat,"https://docs.google.com/forms/d/e/1FAIpQLSfyzdCEu8dJGiUoR9DVcqOZYBgcMMnE6z2XGrmA17lhYi801Q/viewform?usp=pp_url&entry.1102225441=https://instagram.com/tezatsanat&entry.1477564887=32839
",Art,Yes,Company
labeljewellerycom,"https://docs.google.com/forms/d/e/1FAIpQLSfyzdCEu8dJGiUoR9DVcqOZYBgcMMnE6z2XGrmA17lhYi801Q/viewform?usp=pp_url&entry.1102225441=https://instagram.com/labeljewellerycom&entry.1477564887=32839
",Fashion,No,Company
lowaraturkiye,"https://docs.google.com/forms/d/e/1FAIpQLSfyzdCEu8dJGiUoR9DVcqOZYBgcMMnE6z2XGrmA17lhYi801Q/viewform?usp=pp_url&entry.1102225441=https://instagram.com/lowaraturkiye&entry.1477564887=32839
",Tech,No,Company
base__a,"https://docs.google.com/forms/d/e/1FAIpQLSfyzdCEu8dJGiUoR9DVcqOZYBgcMMnE6z2XGrmA17lhYi801Q/viewform?usp=pp_url&entry.1102225441=https://instagram.com/base__a&entry.1477564887=32839
",Gaming,No,Influencer
mergemagic,"https://docs.google.com/forms/d/e/1FAIpQLSfyzdCEu8dJGiUoR9DVcqOZYBgcMMnE6z2XGrmA17lhYi801Q/viewform?usp=pp_url&entry.1102225441=https://instagram.com/mergemagic&entry.1477564887=32839
",Gaming,No,Company
istanbulakvaryum,"https://docs.google.com/forms/d/e/1FAIpQLSfyzdCEu8dJGiUoR9DVcqOZYBgcMMnE6z2XGrmA17lhYi801Q/viewform?usp=pp_url&entry.1102225441=https://instagram.com/istanbulakvaryum&entry.1477564887=32839
",Entertainment,No,Company
cankiriotelavsa,"https://docs.google.com/forms/d/e/1FAIpQLSfyzdCEu8dJGiUoR9DVcqOZYBgcMMnE6z2XGrmA17lhYi801Q/viewform?usp=pp_url&entry.1102225441=https://instagram.com/cankiriotelavsa&entry.1477564887=32839
",Travel,No,Company
oltankoleoglu,"https://docs.google.com/forms/d/e/1FAIpQLSfyzdCEu8dJGiUoR9DVcqOZYBgcMMnE6z2XGrmA17lhYi801Q/viewform?usp=pp_url&entry.1102225441=https://instagram.com/oltankoleoglu&entry.1477564887=32839
",Tech,No,Company
fgwilsontr,"https://docs.google.com/forms/d/e/1FAIpQLSfyzdCEu8dJGiUoR9DVcqOZYBgcMMnE6z2XGrmA17lhYi801Q/viewform?usp=pp_url&entry.1102225441=https://instagram.com/fgwilsontr&entry.1477564887=32839
",Tech,No,Company
sutastr,"https://docs.google.com/forms/d/e/1FAIpQLSfyzdCEu8dJGiUoR9DVcqOZYBgcMMnE6z2XGrmA17lhYi801Q/viewform?usp=pp_url&entry.1102225441=https://instagram.com/sutastr&entry.1477564887=32839
",Food,No,Company
nayaozgun,"https://docs.google.com/forms/d/e/1FAIpQLSfyzdCEu8dJGiUoR9DVcqOZYBgcMMnE6z2XGrmA17lhYi801Q/viewform?usp=pp_url&entry.1102225441=https://instagram.com/nayaozgun&entry.1477564887=32839
",Fashion,Yes,Influencer
hamzayilmazmucevherat,"https://docs.google.com/forms/d/e/1FAIpQLSfyzdCEu8dJGiUoR9DVcqOZYBgcMMnE6z2XGrmA17lhYi801Q/viewform?usp=pp_url&entry.1102225441=https://instagram.com/hamzayilmazmucevherat&entry.1477564887=32839
",,,
selinayalcn,"https://docs.google.com/forms/d/e/1FAIpQLSfyzdCEu8dJGiUoR9DVcqOZYBgcMMnE6z2XGrmA17lhYi801Q/viewform?usp=pp_url&entry.1102225441=https://instagram.com/selinayalcn&entry.1477564887=32839
",Fashion,Yes,Influencer
berilacar,"https://docs.google.com/forms/d/e/1FAIpQLSfyzdCEu8dJGiUoR9DVcqOZYBgcMMnE6z2XGrmA17lhYi801Q/viewform?usp=pp_url&entry.1102225441=https://instagram.com/berilacar&entry.1477564887=32839
",Fashion,No,Influencer
suntechturkiye,"https://docs.google.com/forms/d/e/1FAIpQLSfyzdCEu8dJGiUoR9DVcqOZYBgcMMnE6z2XGrmA17lhYi801Q/viewform?usp=pp_url&entry.1102225441=https://instagram.com/suntechturkiye&entry.1477564887=32839
",Art,No,Company
narkoyjournal,"https://docs.google.com/forms/d/e/1FAIpQLSfyzdCEu8dJGiUoR9DVcqOZYBgcMMnE6z2XGrmA17lhYi801Q/viewform?usp=pp_url&entry.1102225441=https://instagram.com/narkoyjournal&entry.1477564887=32839
",Travel,No,Company
czmdanismanlik,"https://docs.google.com/forms/d/e/1FAIpQLSfyzdCEu8dJGiUoR9DVcqOZYBgcMMnE6z2XGrmA17lhYi801Q/viewform?usp=pp_url&entry.1102225441=https://instagram.com/czmdanismanlik&entry.1477564887=32839
",,,
12raundboks,"https://docs.google.com/forms/d/e/1FAIpQLSfyzdCEu8dJGiUoR9DVcqOZYBgcMMnE6z2XGrmA17lhYi801Q/viewform?usp=pp_url&entry.1102225441=https://instagram.com/12raundboks&entry.1477564887=32839
",Sports,No,Company
diyetisyencereniseri,"https://docs.google.com/forms/d/e/1FAIpQLSfyzdCEu8dJGiUoR9DVcqOZYBgcMMnE6z2XGrmA17lhYi801Q/viewform?usp=pp_url&entry.1102225441=https://instagram.com/diyetisyencereniseri&entry.1477564887=32839
",Health and Lifestyle,Yes,Influencer
dumanlarfurnituremasko,"https://docs.google.com/forms/d/e/1FAIpQLSfyzdCEu8dJGiUoR9DVcqOZYBgcMMnE6z2XGrmA17lhYi801Q/viewform?usp=pp_url&entry.1102225441=https://instagram.com/dumanlarfurnituremasko&entry.1477564887=32839
",Health and Lifestyle,No,Company
tiyatro.in,"https://docs.google.com/forms/d/e/1FAIpQLSfyzdCEu8dJGiUoR9DVcqOZYBgcMMnE6z2XGrmA17lhYi801Q/viewform?usp=pp_url&entry.1102225441=https://instagram.com/tiyatro.in&entry.1477564887=32839
",Art,No,Company
simurgnefesveyasammerkezi,"https://docs.google.com/forms/d/e/1FAIpQLSfyzdCEu8dJGiUoR9DVcqOZYBgcMMnE6z2XGrmA17lhYi801Q/viewform?usp=pp_url&entry.1102225441=https://instagram.com/simurgnefesveyasammerkezi&entry.1477564887=32839
",,,
misimplantsturkey,"https://docs.google.com/forms/d/e/1FAIpQLSfyzdCEu8dJGiUoR9DVcqOZYBgcMMnE6z2XGrmA17lhYi801Q/viewform?usp=pp_url&entry.1102225441=https://instagram.com/misimplantsturkey&entry.1477564887=32839
",Health and Lifestyle,No,Company
dinar_iyas_avm,"https://docs.google.com/forms/d/e/1FAIpQLSfyzdCEu8dJGiUoR9DVcqOZYBgcMMnE6z2XGrmA17lhYi801Q/viewform?usp=pp_url&entry.1102225441=https://instagram.com/dinar_iyas_avm&entry.1477564887=32839
",,,
tolgshowresmi,"https://docs.google.com/forms/d/e/1FAIpQLSfyzdCEu8dJGiUoR9DVcqOZYBgcMMnE6z2XGrmA17lhYi801Q/viewform?usp=pp_url&entry.1102225441=https://instagram.com/tolgshowresmi&entry.1477564887=32839
",Entertainment,No,Company
ugrasdent,"https://docs.google.com/forms/d/e/1FAIpQLSfyzdCEu8dJGiUoR9DVcqOZYBgcMMnE6z2XGrmA17lhYi801Q/viewform?usp=pp_url&entry.1102225441=https://instagram.com/ugrasdent&entry.1477564887=32839
",Health and Lifestyle,No,Company
yargictony,"https://docs.google.com/forms/d/e/1FAIpQLSfyzdCEu8dJGiUoR9DVcqOZYBgcMMnE6z2XGrmA17lhYi801Q/viewform?usp=pp_url&entry.1102225441=https://instagram.com/yargictony&entry.1477564887=32839
",Gaming,No,Influencer
oleafamilya,"https://docs.google.com/forms/d/e/1FAIpQLSfyzdCEu8dJGiUoR9DVcqOZYBgcMMnE6z2XGrmA17lhYi801Q/viewform?usp=pp_url&entry.1102225441=https://instagram.com/oleafamilya&entry.1477564887=32839
",Food,No,Company
suntechglobal,"https://docs.google.com/forms/d/e/1FAIpQLSfyzdCEu8dJGiUoR9DVcqOZYBgcMMnE6z2XGrmA17lhYi801Q/viewform?usp=pp_url&entry.1102225441=https://instagram.com/suntechglobal&entry.1477564887=32839
",Art,No,Company
anlatsin,"https://docs.google.com/forms/d/e/1FAIpQLSfyzdCEu8dJGiUoR9DVcqOZYBgcMMnE6z2XGrmA17lhYi801Q/viewform?usp=pp_url&entry.1102225441=https://instagram.com/anlatsin&entry.1477564887=32839
",Entertainment,No,Company
efesselcukbel,"https://docs.google.com/forms/d/e/1FAIpQLSfyzdCEu8dJGiUoR9DVcqOZYBgcMMnE6z2XGrmA17lhYi801Q/viewform?usp=pp_url&entry.1102225441=https://instagram.com/efesselcukbel&entry.1477564887=32839
",Health and Lifestyle,No,Company
fringeistanbul,"https://docs.google.com/forms/d/e/1FAIpQLSfyzdCEu8dJGiUoR9DVcqOZYBgcMMnE6z2XGrmA17lhYi801Q/viewform?usp=pp_url&entry.1102225441=https://instagram.com/fringeistanbul&entry.1477564887=32839
",Entertainment,No,Company
transeshairtransplant,"https://docs.google.com/forms/d/e/1FAIpQLSfyzdCEu8dJGiUoR9DVcqOZYBgcMMnE6z2XGrmA17lhYi801Q/viewform?usp=pp_url&entry.1102225441=https://instagram.com/transeshairtransplant&entry.1477564887=32839
",Health and Lifestyle,No,Company
imuneksfarma,"https://docs.google.com/forms/d/e/1FAIpQLSfyzdCEu8dJGiUoR9DVcqOZYBgcMMnE6z2XGrmA17lhYi801Q/viewform?usp=pp_url&entry.1102225441=https://instagram.com/imuneksfarma&entry.1477564887=32839
",Health and Lifestyle,No,Company
hobiceyiz,"https://docs.google.com/forms/d/e/1FAIpQLSfyzdCEu8dJGiUoR9DVcqOZYBgcMMnE6z2XGrmA17lhYi801Q/viewform?usp=pp_url&entry.1102225441=https://instagram.com/hobiceyiz&entry.1477564887=32839
",Art,No,Company
haykocepkin,"https://docs.google.com/forms/d/e/1FAIpQLSfyzdCEu8dJGiUoR9DVcqOZYBgcMMnE6z2XGrmA17lhYi801Q/viewform?usp=pp_url&entry.1102225441=https://instagram.com/haykocepkin&entry.1477564887=32839
",Entertainment,Yes,Influencer
hasibeeren,"https://docs.google.com/forms/d/e/1FAIpQLSfyzdCEu8dJGiUoR9DVcqOZYBgcMMnE6z2XGrmA17lhYi801Q/viewform?usp=pp_url&entry.1102225441=https://instagram.com/hasibeeren&entry.1477564887=32839
",Entertainment,No,Influencer
drozanseymen,"https://docs.google.com/forms/d/e/1FAIpQLSfyzdCEu8dJGiUoR9DVcqOZYBgcMMnE6z2XGrmA17lhYi801Q/viewform?usp=pp_url&entry.1102225441=https://instagram.com/drozanseymen&entry.1477564887=32839
",Health and Lifestyle,No,Influencer
alimyapim,"https://docs.google.com/forms/d/e/1FAIpQLSfyzdCEu8dJGiUoR9DVcqOZYBgcMMnE6z2XGrmA17lhYi801Q/viewform?usp=pp_url&entry.1102225441=https://instagram.com/alimyapim&entry.1477564887=32839
",Entertainment,No,Company
stmdefence,"https://docs.google.com/forms/d/e/1FAIpQLSfyzdCEu8dJGiUoR9DVcqOZYBgcMMnE6z2XGrmA17lhYi801Q/viewform?usp=pp_url&entry.1102225441=https://instagram.com/stmdefence&entry.1477564887=32839
",Tech,No,Company
tiesfed,"https://docs.google.com/forms/d/e/1FAIpQLSfyzdCEu8dJGiUoR9DVcqOZYBgcMMnE6z2XGrmA17lhYi801Q/viewform?usp=pp_url&entry.1102225441=https://instagram.com/tiesfed&entry.1477564887=32839
",Sports,No,Company
drmehmetmahiratasoy,"https://docs.google.com/forms/d/e/1FAIpQLSfyzdCEu8dJGiUoR9DVcqOZYBgcMMnE6z2XGrmA17lhYi801Q/viewform?usp=pp_url&entry.1102225441=https://instagram.com/drmehmetmahiratasoy&entry.1477564887=32839
",Health and Lifestyle,Yes,Influencer
siserisitmemerkezi,"https://docs.google.com/forms/d/e/1FAIpQLSfyzdCEu8dJGiUoR9DVcqOZYBgcMMnE6z2XGrmA17lhYi801Q/viewform?usp=pp_url&entry.1102225441=https://instagram.com/siserisitmemerkezi&entry.1477564887=32839
",Tech,No,Company
seyfvideo,"https://docs.google.com/forms/d/e/1FAIpQLSfyzdCEu8dJGiUoR9DVcqOZYBgcMMnE6z2XGrmA17lhYi801Q/viewform?usp=pp_url&entry.1102225441=https://instagram.com/seyfvideo&entry.1477564887=32839
",Entertainment,No,Influencer
gazellaturizm,"https://docs.google.com/forms/d/e/1FAIpQLSfyzdCEu8dJGiUoR9DVcqOZYBgcMMnE6z2XGrmA17lhYi801Q/viewform?usp=pp_url&entry.1102225441=https://instagram.com/gazellaturizm&entry.1477564887=32839
",Travel,No,Company
kenansofuoglu,"https://docs.google.com/forms/d/e/1FAIpQLSfyzdCEu8dJGiUoR9DVcqOZYBgcMMnE6z2XGrmA17lhYi801Q/viewform?usp=pp_url&entry.1102225441=https://instagram.com/kenansofuoglu&entry.1477564887=32839
",Sports,No,Influencer
rixospera,"https://docs.google.com/forms/d/e/1FAIpQLSfyzdCEu8dJGiUoR9DVcqOZYBgcMMnE6z2XGrmA17lhYi801Q/viewform?usp=pp_url&entry.1102225441=https://instagram.com/rixospera&entry.1477564887=32839
",Travel,No,Company
behemstratejik,"https://docs.google.com/forms/d/e/1FAIpQLSfyzdCEu8dJGiUoR9DVcqOZYBgcMMnE6z2XGrmA17lhYi801Q/viewform?usp=pp_url&entry.1102225441=https://instagram.com/behemstratejik&entry.1477564887=32839
",Health and Lifestyle,No,Company
mayavakfi,"https://docs.google.com/forms/d/e/1FAIpQLSfyzdCEu8dJGiUoR9DVcqOZYBgcMMnE6z2XGrmA17lhYi801Q/viewform?usp=pp_url&entry.1102225441=https://instagram.com/mayavakfi&entry.1477564887=32839
",Mom and Children,No,Company
indes.inc,"https://docs.google.com/forms/d/e/1FAIpQLSfyzdCEu8dJGiUoR9DVcqOZYBgcMMnE6z2XGrmA17lhYi801Q/viewform?usp=pp_url&entry.1102225441=https://instagram.com/indes.inc&entry.1477564887=32839
",Tech,No,Company
selinuzdl,"https://docs.google.com/forms/d/e/1FAIpQLSfyzdCEu8dJGiUoR9DVcqOZYBgcMMnE6z2XGrmA17lhYi801Q/viewform?usp=pp_url&entry.1102225441=https://instagram.com/selinuzdl&entry.1477564887=32839
",Travel,Yes,Influencer
fidorento,"https://docs.google.com/forms/d/e/1FAIpQLSfyzdCEu8dJGiUoR9DVcqOZYBgcMMnE6z2XGrmA17lhYi801Q/viewform?usp=pp_url&entry.1102225441=https://instagram.com/fidorento&entry.1477564887=32839
",,,
casadorababy,"https://docs.google.com/forms/d/e/1FAIpQLSfyzdCEu8dJGiUoR9DVcqOZYBgcMMnE6z2XGrmA17lhYi801Q/viewform?usp=pp_url&entry.1102225441=https://instagram.com/casadorababy&entry.1477564887=32839
",Mom and Children,No,Company
simitcidunyasi,"https://docs.google.com/forms/d/e/1FAIpQLSfyzdCEu8dJGiUoR9DVcqOZYBgcMMnE6z2XGrmA17lhYi801Q/viewform?usp=pp_url&entry.1102225441=https://instagram.com/simitcidunyasi&entry.1477564887=32839
",Food,No,Company
